{"std": 18.84949562057624, "se": 18.986769219076905}