{"std": 16.33498849148088, "se": 16.53607212475067}