{"std": 13.400548350485035, "se": 13.822326846922664}