{"std": 13.480330020025283, "se": 13.702501796720632}