{"std": 16.329409263199786, "se": 16.716211268520578}