{"std": 14.276862677807522, "se": 14.76282477919286}