{"std": 21.735479392934653, "se": 21.757815754436354}