{"std": 10.89896580393436, "se": 11.499147146518638}