{"std": 14.051299875071331, "se": 14.598440772408372}