{"std": 10.889267166689866, "se": 11.134546821211096}